,pass@1,M_profundidade,M_integridade,M_defesa,cognitive_complexity,complexity,ncloc,sqale_index,violations
pass@1,0.0,7.192084985981481e-06,0.0022466102793968225,0.001300146853618995,0.15966543598063374,0.15106950530658272,0.23642695946545733,0.13484556219729102,0.1888239743655107
M_profundidade,7.1920849859815005e-06,0.0,4.414293620260914e-11,4.542751834048957e-75,0.2915234187436717,0.17112031060578145,0.11990384018905896,0.2696058206387977,0.13747170644404905
M_integridade,0.0022466102793968273,4.4142936202609513e-11,0.0,7.484405528254474e-14,0.011454543044821302,0.0029161434569335673,0.027216522190568068,0.016926611735297758,0.016109797946664412
M_defesa,0.0013001468536189924,4.542751834048957e-75,7.484405528254474e-14,0.0,0.7848111070079933,0.923853873539528,0.8296976839570802,0.9188242445635492,0.6503923273436993
cognitive_complexity,0.15966543598063374,0.2915234187436717,0.011454543044821302,0.7848111070079933,0.0,8.133490590172601e-181,7.66465485196179e-154,3.964787712857705e-122,8.233636133719404e-83
complexity,0.15106950530658272,0.17112031060578145,0.0029161434569335673,0.923853873539528,8.133490590172601e-181,0.0,1.4990907911994462e-199,2.8680075871762505e-78,1.0578095784791231e-75
ncloc,0.23642695946545733,0.11990384018905896,0.027216522190568068,0.8296976839570802,7.664654851959929e-154,1.4990907911994462e-199,0.0,2.3076370707103536e-76,8.947251657376344e-78
sqale_index,0.13484556219729102,0.2696058206387977,0.016926611735297768,0.9188242445635492,3.9647877128571925e-122,2.8680075871762505e-78,2.307637070710475e-76,0.0,5.24617235239423e-165
violations,0.1888239743655107,0.13747170644404905,0.016109797946664412,0.6503923273436993,8.233636133719404e-83,1.0578095784791231e-75,8.947251657376344e-78,5.246172352392795e-165,0.0
