instance_id,pass@1,M_profundidade,M_integridade,M_defesa,cognitive_complexity,complexity,ncloc,sqale_index,violations
django__django-10097,0,1,1,1,88.0,107.0,409.0,8,1
django__django-11066,1,3,3,2,34.0,23.0,97.0,24,6
astropy__astropy-13977,0,3,3,3,89.0,104.0,403.0,0,2
django__django-11551,0,1,2,1,240.0,154.0,895.0,76,7
astropy__astropy-8872,0,2,3,1,56.0,44.0,140.0,14,1
django__django-11333,0,3,1,2,176.0,138.0,518.0,85,7
django__django-13195,0,1,1,1,83.0,110.0,359.0,19,3
django__django-11179,0,3,3,2,100.0,84.0,211.0,129,14
astropy__astropy-14369,0,2,3,2,178.0,79.0,403.0,174,6
django__django-11119,1,3,3,2,257.0,172.0,657.0,117,9
django__django-11099,0,3,3,2,0.0,0.0,20.0,0,0
django__django-12965,0,1,3,1,19.0,28.0,94.0,0,0
django__django-11292,0,2,1,2,78.0,48.0,215.0,16,2
django__django-11964,0,1,1,2,9.0,16.0,52.0,0,0
astropy__astropy-13033,0,3,3,3,18.0,16.0,55.0,0,0
django__django-10999,0,1,1,1,24.0,24.0,91.0,0,0
django__django-13023,0,1,3,2,127.0,100.0,317.0,43,4
django__django-12155,0,3,1,1,58.0,40.0,162.0,14,1
django__django-12125,0,2,3,2,64.0,92.0,279.0,0,0
django__django-11141,0,3,3,2,115.0,69.0,203.0,45,3
django__django-11276,0,3,3,3,75.0,57.0,224.0,56,2
django__django-12713,0,1,1,1,416.0,383.0,1481.0,195,21
django__django-11265,0,3,3,2,59.0,82.0,202.0,29,5
django__django-11163,0,1,3,1,59.0,82.0,201.0,29,5
django__django-11999,0,1,2,1,606.0,414.0,1368.0,340,13
django__django-12209,0,1,3,1,60.0,89.0,273.0,0,0
django__django-13128,0,1,2,2,54.0,115.0,303.0,120,24
django__django-13033,0,1,3,1,137.0,111.0,307.0,179,16
astropy__astropy-14995,0,1,3,1,89.0,61.0,344.0,62,7
astropy__astropy-14508,0,3,3,3,327.0,220.0,867.0,149,21
astropy__astropy-8707,0,3,3,2,787.0,571.0,1815.0,293,41
astropy__astropy-14365,0,1,2,1,123.0,68.0,256.0,64,5
django__django-10880,0,1,1,1,30.0,37.0,115.0,0,0
django__django-11790,0,1,3,1,48.0,62.0,317.0,21,4
django__django-11848,0,3,1,1,103.0,81.0,281.0,34,5
django__django-13121,0,1,3,1,54.0,115.0,303.0,115,23
astropy__astropy-14096,0,1,3,1,230.0,176.0,773.0,35,6
astropy__astropy-7336,0,1,3,1,144.0,96.0,316.0,79,3
django__django-11206,0,1,1,1,46.0,27.0,59.0,36,1
django__django-11400,0,3,3,3,342.0,364.0,1530.0,95,10
django__django-11433,0,1,1,1,128.0,101.0,318.0,43,4
django__django-11815,0,1,1,2,8.0,14.0,48.0,0,0
django__django-12308,0,2,3,1,298.0,285.0,881.0,89,7
django__django-11133,1,3,3,2,84.0,112.0,359.0,19,3
django__django-12273,0,1,3,1,59.0,89.0,283.0,0,0
django__django-11734,0,2,2,2,580.0,453.0,1411.0,217,21
django__django-11749,0,1,2,1,92.0,55.0,231.0,30,3
astropy__astropy-14598,0,1,1,1,323.0,218.0,858.0,149,21
django__django-10973,0,1,1,2,84.0,93.0,307.0,26,2
django__django-11740,0,1,3,1,62.0,89.0,278.0,0,0
django__django-10914,0,3,3,2,0.0,1.0,270.0,0,0
astropy__astropy-13579,0,1,3,1,72.0,61.0,235.0,37,2
django__django-11451,1,3,3,2,33.0,44.0,118.0,30,6
django__django-12419,0,3,3,2,0.0,1.0,274.0,0,0
django__django-12406,0,1,1,1,164.0,207.0,736.0,16,4
django__django-12325,0,1,3,1,30.0,54.0,162.0,0,0
django__django-10554,0,1,1,1,465.0,392.0,1210.0,157,10
astropy__astropy-14182,0,1,2,2,192.0,120.0,555.0,136,20
django__django-12708,0,3,3,1,313.0,308.0,845.0,201,18
django__django-12774,0,2,1,1,672.0,574.0,1810.0,209,14
astropy__astropy-7671,0,3,3,2,58.0,37.0,119.0,18,2
django__django-12193,0,3,3,3,165.0,206.0,737.0,16,4
django__django-11885,0,3,1,2,119.0,93.0,245.0,147,14
django__django-12143,0,1,2,1,136.0,55.0,217.0,97,6
django__django-11490,0,1,3,2,481.0,320.0,1052.0,428,23
django__django-12050,0,1,2,1,283.0,269.0,816.0,89,7
astropy__astropy-13236,0,1,3,1,194.0,122.0,443.0,138,20
django__django-11555,0,1,3,1,129.0,110.0,410.0,26,5
django__django-12858,0,1,3,2,135.0,110.0,303.0,177,16
django__django-11138,0,3,3,2,63.0,71.0,234.0,20,3
django__django-12741,0,3,3,2,53.0,113.0,294.0,115,23
astropy__astropy-14309,1,3,3,3,108.0,51.0,240.0,85,7
django__django-11211,0,3,3,3,80.0,91.0,504.0,45,3
django__django-12663,0,1,3,2,95.0,121.0,449.0,15,3
astropy__astropy-7166,0,1,2,1,140.0,123.0,404.0,84,12
django__django-12276,1,3,3,3,165.0,208.0,736.0,16,4
django__django-11880,0,1,2,1,124.0,99.0,315.0,43,4
django__django-11728,0,1,2,1,57.0,39.0,161.0,14,1
django__django-12262,0,1,1,1,88.0,63.0,222.0,41,3
astropy__astropy-7606,0,3,3,2,461.0,324.0,1049.0,256,27
django__django-11532,0,3,3,2,104.0,82.0,289.0,46,4
django__django-11299,0,1,3,2,98.0,81.0,284.0,28,3
django__django-11095,0,3,3,3,405.0,378.0,1467.0,188,21
astropy__astropy-13398,0,1,3,1,16.0,29.0,203.0,0,1
django__django-12039,0,1,1,1,24.0,47.0,117.0,15,3
django__django-13028,0,1,3,1,604.0,470.0,1457.0,248,23
django__django-13109,0,3,3,2,299.0,293.0,1263.0,83,6
django__django-11951,0,3,3,2,478.0,398.0,1239.0,173,11
django__django-12304,0,3,3,3,258.0,172.0,657.0,117,8
astropy__astropy-13453,0,2,2,1,201.0,123.0,440.0,145,20
django__django-13551,0,3,3,2,13.0,17.0,51.0,0,0
django__django-13670,0,2,1,1,48.0,78.0,190.0,90,9
django__django-13933,0,3,3,2,293.0,279.0,870.0,89,7
django__django-14373,0,3,3,2,10.0,16.0,62.0,0,0
django__django-14011,0,3,2,2,29.0,30.0,133.0,10,1
django__django-15280,0,1,2,1,122.0,142.0,658.0,89,15
django__django-14631,0,1,3,1,121.0,99.0,321.0,43,4
django__django-14855,0,2,1,2,102.0,100.0,363.0,24,2
django__django-15382,0,1,1,1,647.0,496.0,1527.0,269,23
django__django-15277,0,1,3,1,297.0,284.0,885.0,89,7
django__django-14140,0,3,1,2,65.0,83.0,204.0,19,3
django__django-14792,0,1,3,1,51.0,41.0,231.0,10,2
django__django-13568,0,3,3,2,40.0,23.0,182.0,22,3
django__django-15380,0,3,2,2,522.0,293.0,1070.0,317,16
django__django-15695,0,1,1,1,195.0,96.0,283.0,112,5
django__django-13794,0,3,3,3,261.0,176.0,661.0,116,8
django__django-14672,0,3,3,3,30.0,59.0,193.0,0,0
django__django-14915,0,1,3,1,177.0,214.0,749.0,16,4
django__django-14351,0,3,3,2,631.0,481.0,1496.0,253,21
django__django-14500,0,1,1,1,191.0,96.0,257.0,97,4
django__django-14034,0,1,3,1,299.0,286.0,888.0,92,7
django__django-14539,0,1,1,1,75.0,56.0,219.0,56,2
django__django-13820,0,1,2,1,128.0,74.0,225.0,52,3
django__django-15104,0,3,3,2,522.0,293.0,1070.0,317,16
django__django-13363,0,3,3,2,47.0,39.0,221.0,10,2
django__django-14315,0,1,1,1,1.0,4.0,17.0,0,0
django__django-14608,0,3,3,2,90.0,104.0,325.0,16,3
django__django-15127,0,3,3,3,16.0,34.0,81.0,15,2
django__django-14155,0,3,3,2,183.0,141.0,542.0,83,5
django__django-15572,0,3,3,3,148.0,121.0,481.0,33,5
django__django-13810,0,1,2,2,105.0,64.0,244.0,40,3
django__django-15375,0,1,3,1,35.0,40.0,126.0,0,0
django__django-13279,0,2,1,1,77.0,100.0,321.0,5,1
django__django-13837,0,2,1,1,140.0,115.0,439.0,28,7
django__django-14765,0,1,1,1,241.0,187.0,606.0,99,9
django__django-13809,1,3,3,2,32.0,24.0,132.0,10,1
django__django-15098,0,1,3,1,0.0,1.0,283.0,0,0
django__django-13417,0,1,1,1,476.0,410.0,1299.0,180,15
django__django-14534,0,3,3,3,57.0,74.0,179.0,12,1
django__django-13925,0,1,3,2,67.0,44.0,191.0,36,1
django__django-13590,0,1,1,1,632.0,481.0,1509.0,262,23
django__django-15554,0,1,3,1,63.0,86.0,218.0,19,3
django__django-15128,0,1,1,1,650.0,496.0,1527.0,275,24
django__django-14170,0,2,3,2,49.0,39.0,227.0,10,2
django__django-15467,0,3,3,2,424.0,390.0,1790.0,203,22
django__django-13741,0,3,3,2,46.0,64.0,328.0,16,3
django__django-14089,0,3,3,3,47.0,67.0,185.0,10,2
django__django-13410,0,3,3,2,9.0,10.0,70.0,40,8
django__django-14007,0,3,1,1,60.0,116.0,313.0,110,22
django__django-14404,0,1,1,2,54.0,47.0,200.0,12,6
django__django-13658,1,3,3,2,103.0,59.0,244.0,41,3
django__django-13346,0,1,3,1,67.0,91.0,228.0,19,3
django__django-14787,0,1,2,2,47.0,38.0,102.0,27,3
django__django-15563,0,1,3,1,136.0,111.0,359.0,178,16
django__django-15368,0,1,1,1,541.0,465.0,1472.0,197,13
django__django-15103,0,1,3,1,136.0,55.0,217.0,97,6
django__django-15161,0,1,3,1,60.0,89.0,288.0,0,0
django__django-14017,0,1,1,1,61.0,80.0,200.0,19,3
django__django-14752,0,3,3,2,9.0,9.0,65.0,0,0
django__django-13821,0,3,3,3,164.0,85.0,350.0,106,7
django__django-15561,0,3,3,3,127.0,102.0,410.0,51,4
django__django-15022,0,3,1,1,431.0,393.0,1524.0,200,21
django__django-14725,0,1,1,1,94.0,106.0,350.0,21,4
django__django-14580,0,3,3,3,88.0,47.0,232.0,68,5
django__django-14493,0,1,1,1,134.0,94.0,317.0,62,6
django__django-14238,0,1,3,1,201.0,175.0,563.0,36,3
django__django-13513,0,3,3,3,153.0,102.0,383.0,83,9
django__django-13401,0,3,1,1,385.0,489.0,1831.0,127,24
django__django-13512,0,2,3,2,89.0,81.0,380.0,69,10
django__django-14311,0,1,1,1,136.0,114.0,432.0,28,5
django__django-14376,0,3,3,2,40.0,47.0,291.0,48,5
django__django-15037,0,1,3,1,163.0,84.0,341.0,95,5
django__django-13569,0,3,1,1,517.0,339.0,1132.0,407,23
django__django-14999,0,1,1,1,359.0,364.0,1013.0,217,21
django__django-13516,0,1,3,1,92.0,98.0,332.0,26,2
django__django-15569,0,3,3,2,61.0,82.0,213.0,19,3
django__django-15278,0,1,3,1,29.0,33.0,244.0,44,5
django__django-15499,0,3,1,2,142.0,193.0,756.0,68,5
django__django-15268,0,2,1,1,39.0,18.0,47.0,25,1
django__django-15525,0,1,3,1,96.0,75.0,267.0,40,3
django__django-14122,0,3,3,2,1.0,5.0,162.0,0,0
django__django-15252,0,1,1,1,5.0,13.0,52.0,5,1
django__django-14434,0,3,1,2,32.0,57.0,153.0,15,3
django__django-13807,0,2,1,1,87.0,75.0,461.0,44,6
django__django-13297,0,2,3,1,294.0,279.0,873.0,89,7
django__django-13344,0,1,3,2,108.0,66.0,248.0,43,3
django__django-14559,0,1,1,2,499.0,434.0,1345.0,176,12
django__django-13786,0,1,3,1,145.0,194.0,717.0,63,5
psf__requests-1724,1,1,3,1,76.0,60.0,298.0,56,8
pydata__xarray-3677,0,3,3,2,170.0,99.0,403.0,54,5
matplotlib__matplotlib-22719,0,1,3,1,21.0,26.0,106.0,0,0
matplotlib__matplotlib-24970,0,1,1,1,103.0,110.0,477.0,36,15
matplotlib__matplotlib-20676,0,1,3,1,0.0,1.0,31.0,10,2
matplotlib__matplotlib-23314,0,1,2,1,0.0,1.0,140.0,45,9
psf__requests-2317,0,1,1,1,145.0,107.0,347.0,38,5
django__django-16595,1,3,3,2,47.0,82.0,295.0,10,1
django__django-16527,0,1,1,1,39.0,40.0,123.0,0,0
django__django-16662,0,1,3,1,180.0,83.0,450.0,151,5
matplotlib__matplotlib-25122,0,3,2,2,114.0,92.0,427.0,95,24
mwaskom__seaborn-3069,0,1,2,1,161.0,114.0,575.0,52,11
django__django-9296,0,3,3,3,25.0,40.0,120.0,5,1
matplotlib__matplotlib-24637,0,3,3,3,133.0,196.0,793.0,134,22
matplotlib__matplotlib-26113,0,1,2,1,1100.0,700.0,2929.0,1062,70
django__django-16667,0,3,3,2,176.0,214.0,825.0,16,4
psf__requests-6028,0,1,3,1,225.0,164.0,542.0,81,12
django__django-16899,0,1,1,1,244.0,163.0,1132.0,87,9
django__django-16950,0,1,3,1,63.0,92.0,312.0,0,0
django__django-16082,0,1,1,1,63.0,118.0,368.0,130,26
django__django-16661,0,3,3,2,424.0,391.0,1802.0,201,21
django__django-17087,0,1,2,1,58.0,68.0,301.0,0,0
matplotlib__matplotlib-25332,0,1,2,1,3.0,3.0,165.0,10,2
matplotlib__matplotlib-26342,0,1,1,1,349.0,241.0,1169.0,165,29
django__django-16612,0,3,3,3,93.0,91.0,379.0,30,5
django__django-15930,0,1,3,1,68.0,90.0,242.0,29,6
matplotlib__matplotlib-13989,0,1,3,1,0.0,1.0,29.0,15,3
django__django-16877,0,3,1,2,266.0,182.0,720.0,136,9
django__django-15814,0,3,3,2,664.0,510.0,1720.0,279,24
django__django-15863,0,1,3,1,134.0,120.0,543.0,22,3
pydata__xarray-2905,0,3,3,3,415.0,388.0,1435.0,147,31
django__django-16560,0,1,3,1,341.0,313.0,1110.0,101,8
pydata__xarray-4356,0,1,1,1,34.0,44.0,125.0,45,10
matplotlib__matplotlib-26291,0,1,2,1,0.0,12.0,71.0,7,2
django__django-16493,0,2,3,2,61.0,89.0,313.0,0,0
psf__requests-1766,0,2,3,1,29.0,30.0,130.0,16,2
pydata__xarray-4094,0,1,3,1,64.0,52.0,196.0,42,3
matplotlib__matplotlib-22871,0,1,1,1,2.0,2.0,24.0,0,0
matplotlib__matplotlib-24026,0,3,3,2,6.0,4.0,49.0,0,0
matplotlib__matplotlib-25960,0,3,3,3,453.0,400.0,1283.0,184,17
django__django-16263,0,1,1,1,580.0,516.0,1853.0,197,13
django__django-15987,0,1,3,1,92.0,71.0,347.0,27,2
django__django-15916,0,3,1,1,400.0,327.0,1180.0,175,14
django__django-16116,0,1,1,1,162.0,77.0,428.0,124,5
django__django-16642,0,1,1,1,20.0,15.0,80.0,0,0
matplotlib__matplotlib-25311,0,3,2,2,332.0,358.0,1664.0,217,26
django__django-16256,0,3,2,2,207.0,187.0,916.0,150,11
django__django-16139,1,3,3,2,44.0,62.0,363.0,11,2
django__django-15851,0,3,3,3,14.0,16.0,53.0,0,0
matplotlib__matplotlib-14623,0,1,2,1,2.0,3.0,35.0,10,2
pydata__xarray-3305,0,1,3,1,104.0,93.0,402.0,39,8
mwaskom__seaborn-3187,0,1,1,1,135.0,136.0,551.0,301,41
django__django-16145,0,1,3,1,32.0,24.0,153.0,10,1
django__django-17029,0,3,3,2,64.0,65.0,208.0,0,0
pallets__flask-5014,0,1,3,1,34.0,49.0,231.0,2,1
django__django-16569,1,3,3,2,95.0,108.0,405.0,21,4
matplotlib__matplotlib-23299,0,1,3,1,187.0,113.0,533.0,120,6
psf__requests-1142,0,3,3,2,54.0,59.0,198.0,47,6
matplotlib__matplotlib-20859,0,3,3,2,169.0,140.0,771.0,105,8
django__django-7530,1,3,3,2,109.0,55.0,252.0,89,5
django__django-16333,0,3,2,3,44.0,62.0,365.0,11,2
matplotlib__matplotlib-24177,0,1,3,1,0.0,0.0,24.0,10,2
matplotlib__matplotlib-24149,0,3,3,2,406.0,326.0,1072.0,193,26
matplotlib__matplotlib-21568,0,1,3,1,2.0,2.0,24.0,0,0
django__django-16429,0,1,3,2,26.0,23.0,81.0,16,1
matplotlib__matplotlib-24570,0,1,3,1,0.0,0.0,26.0,5,1
psf__requests-1921,0,1,1,1,74.0,75.0,269.0,63,6
matplotlib__matplotlib-26208,0,1,3,1,0.0,1.0,143.0,45,9
pydata__xarray-3095,0,3,3,3,134.0,75.0,285.0,72,3
django__django-16315,0,1,1,1,52.0,75.0,274.0,15,1
django__django-16454,0,1,3,2,199.0,161.0,699.0,70,5
matplotlib__matplotlib-25287,0,1,1,1,98.0,139.0,594.0,34,7
pydata__xarray-3993,0,3,1,1,1138.0,1022.0,4318.0,360,48
matplotlib__matplotlib-22865,0,1,3,1,0.0,5.0,137.0,0,0
django__django-15731,0,1,1,1,20.0,37.0,140.0,0,0
psf__requests-2931,0,3,3,2,226.0,157.0,475.0,116,9
django__django-16485,0,1,3,1,134.0,120.0,543.0,22,3
django__django-16938,0,1,2,1,71.0,101.0,287.0,5,1
psf__requests-5414,0,1,1,1,252.0,171.0,527.0,134,9
matplotlib__matplotlib-24870,0,3,1,1,333.0,226.0,1102.0,163,26
matplotlib__matplotlib-26466,0,1,2,1,1.0,2.0,216.0,151,29
django__django-16901,0,1,1,1,71.0,102.0,291.0,5,1
django__django-16255,0,3,3,3,59.0,54.0,189.0,25,5
matplotlib__matplotlib-20488,0,3,3,3,279.0,287.0,1083.0,127,17
django__django-16631,0,1,2,1,14.0,21.0,77.0,0,0
django__django-16136,0,1,2,1,106.0,64.0,267.0,41,3
django__django-16819,0,1,1,2,25.0,13.0,41.0,11,1
pydata__xarray-4075,0,1,1,1,19.0,15.0,45.0,1,1
pydata__xarray-4629,0,3,3,2,186.0,106.0,453.0,55,6
django__django-16032,0,1,3,1,69.0,99.0,270.0,5,1
scikit-learn__scikit-learn-11310,0,1,1,2,73.0,60.0,269.0,49,11
sphinx-doc__sphinx-8593,0,1,1,1,163.0,93.0,482.0,164,16
pytest-dev__pytest-7432,0,1,3,1,82.0,50.0,239.0,30,4
sphinx-doc__sphinx-8595,0,1,3,2,299.0,196.0,593.0,139,14
scikit-learn__scikit-learn-13779,0,3,3,2,25.0,40.0,135.0,0,0
scikit-learn__scikit-learn-25747,0,1,3,1,33.0,34.0,108.0,0,0
scikit-learn__scikit-learn-25232,0,3,3,3,70.0,54.0,364.0,71,16
sphinx-doc__sphinx-8621,0,2,3,2,8.0,5.0,32.0,0,0
sphinx-doc__sphinx-8269,0,3,3,3,141.0,69.0,295.0,141,8
pytest-dev__pytest-5809,0,3,3,3,19.0,15.0,81.0,0,0
pydata__xarray-6744,0,1,2,1,22.0,20.0,336.0,5,1
scikit-learn__scikit-learn-13439,0,1,2,2,84.0,104.0,303.0,36,15
scikit-learn__scikit-learn-25973,0,1,3,2,19.0,28.0,246.0,0,1
sphinx-doc__sphinx-8035,0,1,2,1,17.0,16.0,98.0,2,1
pylint-dev__pylint-7277,0,3,3,3,10.0,14.0,46.0,0,0
pytest-dev__pytest-10356,0,3,3,3,111.0,117.0,486.0,47,7
sphinx-doc__sphinx-8638,0,1,3,1,24.0,39.0,153.0,12,3
pytest-dev__pytest-10051,0,3,3,2,73.0,101.0,527.0,33,6
pydata__xarray-6599,0,1,3,1,31.0,12.0,127.0,0,0
sphinx-doc__sphinx-7889,0,3,3,3,163.0,109.0,513.0,89,17
pytest-dev__pytest-8399,0,1,3,1,92.0,64.0,318.0,58,10
scikit-learn__scikit-learn-14710,0,3,3,3,114.0,94.0,471.0,121,15
pydata__xarray-6461,0,3,2,3,127.0,144.0,540.0,38,8
pydata__xarray-4687,0,1,1,1,291.0,202.0,960.0,154,14
sphinx-doc__sphinx-10614,0,1,1,1,83.0,61.0,299.0,30,3
pytest-dev__pytest-5631,0,1,1,2,35.0,52.0,184.0,5,1
scikit-learn__scikit-learn-15100,0,3,3,3,196.0,180.0,670.0,111,13
pytest-dev__pytest-7571,0,3,3,2,71.0,99.0,525.0,33,6
sphinx-doc__sphinx-7910,0,1,3,2,259.0,173.0,514.0,116,9
sphinx-doc__sphinx-7462,0,3,3,2,369.0,253.0,989.0,322,33
sphinx-doc__sphinx-8475,0,3,3,2,139.0,68.0,292.0,139,7
pylint-dev__pylint-4970,0,3,3,2,127.0,113.0,618.0,83,6
scikit-learn__scikit-learn-11578,0,3,3,2,191.0,125.0,650.0,259,28
sphinx-doc__sphinx-10323,0,1,1,2,121.0,79.0,370.0,57,7
pylint-dev__pylint-4661,0,1,1,2,13.0,9.0,70.0,0,0
sphinx-doc__sphinx-7454,0,1,1,2,164.0,216.0,573.0,130,21
scikit-learn__scikit-learn-14983,0,1,3,1,0.0,0.0,56.0,0,0
pytest-dev__pytest-7490,0,1,3,2,90.0,110.0,518.0,41,7
sphinx-doc__sphinx-10435,0,1,2,1,35.0,21.0,132.0,8,1
pytest-dev__pytest-7521,0,1,1,1,89.0,153.0,589.0,5,2
pylint-dev__pylint-6903,0,1,3,2,42.0,27.0,169.0,30,3
pytest-dev__pytest-7982,0,1,3,1,114.0,91.0,365.0,49,6
pylint-dev__pylint-6528,0,2,3,2,50.0,28.0,117.0,39,3
scikit-learn__scikit-learn-14087,0,1,3,1,98.0,50.0,298.0,103,11
sphinx-doc__sphinx-9229,0,1,2,1,24.0,39.0,155.0,22,5
scikit-learn__scikit-learn-13496,0,1,2,2,81.0,74.0,445.0,78,14
sphinx-doc__sphinx-8548,0,1,3,1,129.0,69.0,240.0,92,7
sphinx-doc__sphinx-7748,0,1,3,1,240.0,156.0,473.0,101,8
scikit-learn__scikit-learn-26194,0,1,2,2,11.0,12.0,130.0,0,0
sphinx-doc__sphinx-8120,0,3,3,3,33.0,40.0,136.0,6,1
pytest-dev__pytest-7205,0,1,1,1,25.0,19.0,63.0,0,0
sphinx-doc__sphinx-7985,0,2,1,1,129.0,69.0,289.0,124,7
scikit-learn__scikit-learn-14629,0,1,1,1,216.0,156.0,715.0,160,27
pylint-dev__pylint-8898,0,1,3,1,13.0,29.0,344.0,0,0
pytest-dev__pytest-5840,0,1,1,1,252.0,202.0,814.0,81,17
pydata__xarray-7233,0,1,3,1,92.0,101.0,427.0,33,7
pylint-dev__pylint-4604,0,1,3,1,93.0,84.0,541.0,21,3
pytest-dev__pytest-5262,0,1,1,1,250.0,196.0,799.0,81,17
scikit-learn__scikit-learn-25931,0,1,3,1,15.0,20.0,189.0,2,2
scikit-learn__scikit-learn-13135,0,3,3,3,24.0,23.0,117.0,21,6
scikit-learn__scikit-learn-10908,0,3,3,3,146.0,133.0,535.0,105,12
scikit-learn__scikit-learn-14053,0,1,1,1,167.0,120.0,517.0,146,10
sphinx-doc__sphinx-8551,0,1,2,1,128.0,80.0,279.0,64,4
pytest-dev__pytest-5787,0,2,2,2,67.0,75.0,295.0,21,6
pydata__xarray-4966,0,1,2,1,191.0,136.0,482.0,110,13
sphinx-doc__sphinx-10466,0,3,3,3,46.0,50.0,209.0,20,3
pydata__xarray-6992,0,1,3,1,1075.0,856.0,3815.0,386,58
scikit-learn__scikit-learn-13328,0,1,1,2,17.0,14.0,108.0,9,3
scikit-learn__scikit-learn-13124,0,1,3,1,6.0,3.0,67.0,10,2
scikit-learn__scikit-learn-14496,0,3,3,3,100.0,60.0,288.0,72,12
pytest-dev__pytest-6197,0,1,3,1,204.0,128.0,566.0,116,9
pydata__xarray-6721,0,1,1,1,61.0,61.0,205.0,14,2
pydata__xarray-7229,0,1,3,1,905.0,833.0,3222.0,295,48
pytest-dev__pytest-7236,0,1,3,1,65.0,59.0,251.0,29,5
pylint-dev__pylint-6386,0,3,3,2,116.0,81.0,265.0,51,8
sphinx-doc__sphinx-8721,0,1,3,1,77.0,45.0,221.0,70,7
pylint-dev__pylint-7080,0,1,2,1,246.0,204.0,1133.0,62,16
pydata__xarray-4695,0,1,3,1,30.0,11.0,125.0,0,0
scikit-learn__scikit-learn-26323,0,1,3,2,119.0,104.0,469.0,44,10
scikit-learn__scikit-learn-25102,0,1,3,1,2.0,6.0,325.0,50,11
pylint-dev__pylint-4551,0,1,1,1,299.0,159.0,720.0,173,6
sphinx-doc__sphinx-10673,0,1,3,1,24.0,39.0,155.0,22,5
scikit-learn__scikit-learn-12973,0,1,1,1,180.0,95.0,513.0,275,42
pydata__xarray-6938,0,3,3,2,1062.0,849.0,3789.0,379,57
sphinx-doc__sphinx-8056,0,1,3,1,2.0,16.0,47.0,20,5
pytest-dev__pytest-6202,0,3,3,2,348.0,284.0,1044.0,120,18
sphinx-doc__sphinx-7590,0,1,3,1,91.0,93.0,331.0,203,37
pytest-dev__pytest-7324,0,1,3,1,48.0,54.0,289.0,15,2
sphinx-doc__sphinx-8459,0,1,3,1,291.0,188.0,572.0,117,10
scikit-learn__scikit-learn-14141,1,3,3,2,9.0,10.0,61.0,6,1
scikit-learn__scikit-learn-10844,0,3,3,2,27.0,35.0,152.0,9,5
sphinx-doc__sphinx-9230,0,1,3,2,46.0,36.0,109.0,28,2
pydata__xarray-7393,0,1,1,1,278.0,260.0,947.0,34,6
sympy__sympy-14976,0,3,3,3,198.0,112.0,462.0,136,12
sympy__sympy-13091,0,2,3,1,148.0,77.0,283.0,104,2
sphinx-doc__sphinx-9658,0,3,3,2,2.0,4.0,134.0,13,2
sympy__sympy-12096,0,1,3,2,122.0,75.0,324.0,86,8
sympy__sympy-24562,0,3,3,2,936.0,840.0,2381.0,519,61
sympy__sympy-14711,0,3,3,3,116.0,95.0,323.0,49,8
sympy__sympy-16597,0,1,3,1,195.0,117.0,393.0,137,7
sympy__sympy-18189,0,1,2,1,325.0,131.0,451.0,320,13
sympy__sympy-21847,0,3,3,3,127.0,88.0,317.0,204,39
sympy__sympy-17630,0,1,3,1,116.0,126.0,361.0,52,10
sympy__sympy-24066,0,3,1,3,55.0,64.0,319.0,17,4
sphinx-doc__sphinx-9602,0,1,1,1,164.0,106.0,520.0,63,12
sympy__sympy-12489,0,1,3,1,143.0,77.0,281.0,110,5
sympy__sympy-13852,0,2,3,1,85.0,59.0,186.0,28,7
sympy__sympy-19783,0,3,3,2,6.0,5.0,20.0,0,0
sphinx-doc__sphinx-9320,0,3,3,2,127.0,101.0,463.0,76,7
sympy__sympy-20590,0,1,3,1,96.0,59.0,264.0,28,6
sympy__sympy-22456,0,1,1,1,72.0,70.0,319.0,22,2
sphinx-doc__sphinx-9367,0,1,1,1,158.0,217.0,587.0,119,18
sphinx-doc__sphinx-9591,0,1,1,1,167.0,324.0,821.0,484,73
sympy__sympy-21612,0,1,3,1,256.0,141.0,497.0,143,12
sympy__sympy-14531,0,1,1,1,205.0,235.0,633.0,151,21
sympy__sympy-19495,0,2,3,2,324.0,131.0,449.0,314,12
sympy__sympy-15809,0,2,1,1,179.0,116.0,336.0,132,7
sympy__sympy-16766,0,2,2,2,188.0,158.0,632.0,115,17
sympy__sympy-20428,0,1,3,1,323.0,130.0,449.0,313,12
sympy__sympy-12481,0,1,2,1,44.0,33.0,98.0,27,4
sphinx-doc__sphinx-9698,0,1,3,2,386.0,259.0,1072.0,336,29
sympy__sympy-24443,0,3,3,2,174.0,112.0,316.0,98,13
sympy__sympy-13480,0,1,3,1,71.0,63.0,252.0,53,10
sympy__sympy-13878,0,2,1,2,78.0,89.0,299.0,43,6
sphinx-doc__sphinx-9258,0,1,1,1,80.0,60.0,221.0,39,2
sphinx-doc__sphinx-9711,0,1,3,1,128.0,84.0,355.0,57,6
sympy__sympy-20916,0,3,3,3,85.0,65.0,400.0,107,15
sympy__sympy-17655,0,1,1,1,72.0,115.0,348.0,48,9
sympy__sympy-24213,0,3,3,3,42.0,32.0,138.0,20,2
sympy__sympy-20154,0,1,1,2,664.0,339.0,962.0,401,30
sympy__sympy-13757,0,1,1,1,472.0,183.0,562.0,428,13
sympy__sympy-17139,0,2,3,1,59.0,64.0,331.0,44,6
sympy__sympy-13615,0,1,3,1,126.0,174.0,473.0,60,9
sympy__sympy-19637,0,1,3,2,106.0,52.0,206.0,89,4
sympy__sympy-13798,0,1,2,1,127.0,87.0,357.0,93,11
sympy__sympy-22714,0,1,1,1,110.0,54.0,213.0,92,4
sympy__sympy-21596,0,1,1,1,200.0,122.0,348.0,171,10
sympy__sympy-19954,0,1,1,1,1073.0,640.0,2199.0,728,94
sympy__sympy-21379,0,1,3,1,87.0,64.0,332.0,21,5
sympy__sympy-13974,0,2,3,1,102.0,61.0,198.0,72,15
sympy__sympy-15017,0,3,3,3,57.0,80.0,204.0,17,5
sympy__sympy-13877,0,2,3,2,88.0,32.0,217.0,93,5
sympy__sympy-13551,0,1,1,1,63.0,45.0,160.0,32,2
sympy__sympy-16792,0,2,1,2,112.0,105.0,632.0,45,7
sympy__sympy-21930,0,1,1,1,544.0,368.0,1213.0,342,23
sympy__sympy-15349,0,1,1,1,44.0,57.0,239.0,17,5
sympy__sympy-20438,0,1,3,1,198.0,111.0,588.0,132,14
sympy__sympy-18199,0,1,1,1,191.0,159.0,631.0,105,16
sympy__sympy-17318,0,2,1,1,249.0,124.0,364.0,152,9
sympy__sympy-22080,0,3,1,2,86.0,63.0,331.0,11,5
sympy__sympy-13031,0,1,3,1,44.0,35.0,101.0,14,2
sympy__sympy-16886,0,1,3,1,33.0,23.0,76.0,18,2
sympy__sympy-23534,0,1,1,2,161.0,115.0,355.0,122,10
sympy__sympy-20801,0,1,1,1,264.0,173.0,560.0,165,6
sympy__sympy-13647,0,3,3,3,680.0,553.0,1542.0,520,61
sympy__sympy-23824,0,2,3,2,228.0,109.0,337.0,226,13
sphinx-doc__sphinx-9673,0,1,3,1,48.0,37.0,113.0,28,2
sympy__sympy-18211,0,2,2,1,44.0,33.0,129.0,14,1
sympy__sympy-18763,0,1,3,1,662.0,615.0,2046.0,489,52
sphinx-doc__sphinx-9461,0,1,2,1,282.0,182.0,552.0,123,12
sphinx-doc__sphinx-9281,0,1,2,2,284.0,188.0,560.0,123,12
sympy__sympy-11618,0,1,2,1,115.0,77.0,295.0,39,9
